Country / Territory / Island,Country code,"Firm Energy (e.g., Hydro, Geothermal)",VRE_Energy,Energy Efficiency,Electricity Consumption,Build_Margin,Emissions_Intensity,,
Afghanistan,AFG,193,331,193,193,414,351.8367407,,
Albania,ALB,0,0,0,0,0,0,,
Algeria,DZA,397,479,397,397,528,491.551649,,
American Samoa (U.S.),ASM,516,664,516,516,753,685.9666482,,
Andorra,AND,70,144,70,70,188,154.8166035,,
Angola,AGO,748,1203,748,748,1476,1270.965691,,
Anguilla (U.K.),AIA,472,647,472,472,753,673.5041135,,
Antigua and Barbuda,ATG,489,654,489,489,753,678.5167529,,
Argentina,ARG,288,407,288,288,478,424.7082248,,
Armenia,ARM,205,321,205,205,390,337.954912,,
Aruba,ABW,421,628,421,421,753,659.3184935,,
Australia,AUS,421,663,421,421,808,698.8875432,,
Austria,AUT,113,194,113,113,242,205.6910609,,
Azerbaijan,AZE,384,478,384,384,534,491.724509,,
Azores (Portugal),PRT,384,614,384,384,753,648.9174228,,
Bahamas,BHS,441,636,441,441,753,664.8706817,,
Bahrain,BHR,454,624,454,454,726,649.8292851,,
Bangladesh,BGD,412,484,412,412,528,495.2389093,,
Barbados,BRB,484,650,484,484,749,674.6647806,,
Belarus,BLR,292,359,292,292,400,369.1860826,,
Belgium,BEL,124,204,124,124,252,215.7934072,,
Belize,BLZ,183,320,183,183,403,341.1269188,,
Benin,BEN,576,682,576,576,745,697.654632,,
Bermuda (U.K.),BMU,342,598,342,342,753,636.9327037,,
Bhutan,BTN,0,0,0,0,0,0,,
Bolivia,BOL,393,525,393,393,604,544.4601915,,
Bonaire (Netherland),BES,400,620,400,400,753,653.4398225,,
Bosnia and Herzegovina,BIH,739,1025,739,739,1197,1068.343718,,
Botswana,BWA,1070,1330,1070,1070,1486,1369.119609,,
Brazil,BRA,150,234,150,150,284,246.149818,,
British Virgin Islands (U.K.),VGB,420,628,420,420,753,659.0628133,,
Brunei Darussalam,BRN,407,578,407,407,681,604.0963426,,
Bulgaria,BGR,495,755,495,495,911,794.4235964,,
Burkina Faso,BFA,539,672,539,539,753,692.5044364,,
Burundi,BDI,197,333,197,197,414,352.8989888,,
Cambodia,KHM,588,874,588,588,1046,917.3596497,,
Cameroon,CMR,354,545,354,354,659,573.6428982,,
Canada,CAN,213,312,213,213,372,327.0393498,,
Canary Islands (Spain),ESP,435,633,435,435,753,663.1748098,,
Cape Verde,CPV,505,660,505,505,753,682.9203098,,
Cayman Islands,CYM,373,610,373,373,753,645.6971835,,
Central African Republic,CAF,77,146,77,77,188,156.7486282,,
Chad,TCD,581,688,581,581,753,704.2499115,,
Channel Islands (U.K),GBR,389,616,389,389,753,650.1892637,,
Chile,CHL,235,499,235,235,657,538.0934785,,
China (PRC and Hong Kong),CHN,485,744,485,485,899,782.6109777,,
Colombia,COL,208,334,208,208,410,353.0753882,,
Comoros,COM,589,691,589,589,753,706.5711135,,
"Congo, Democratic Republic of",COD,0,0,0,0,0,0.104961093,,
Congo,COG,405,564,405,405,659,587.892108,,
Cook Islands,COK,422,628,422,422,753,659.4934183,,
Costa Rica,CRI,39,82,39,39,108,88.40067901,,
Côte d'Ivoire,CIV,314,409,314,314,466,423.5047879,,
Croatia,HRV,168,247,168,168,294,258.753479,,
Cuba,CUB,391,496,391,391,559,511.7588819,,
Curacao/Netherlands Antilles,CUW,506,737,506,506,876,772.2032682,,
Cyprus,CYP,438,633,438,438,751,662.6746897,,
Czech Republic,CZE,461,736,461,461,902,777.7353161,,
Denmark,DNK,155,284,155,155,362,303.5874479,,
Djibouti,DJI,575,686,575,575,753,702.7345533,,
Dominica,DMA,433,633,433,433,753,662.6298013,,
Dominican Republic,DOM,426,536,426,426,601,552.017142,,
Ecuador,ECU,280,455,280,280,560,481.4542908,,
Egypt,EGY,406,498,406,406,554,512.2305144,,
El Salvador,SLV,275,445,275,275,547,470.8115382,,
Equatorial Guinea,GNQ,361,531,361,361,632,556.1328368,,
Eritrea,ERI,704,836,704,704,915,855.764647,,
Estonia,EST,625,895,625,625,1057,935.4981985,,
Eswatini,SWZ,0,0,0,0,0,0,,
Ethiopia,ETH,0,0,0,0,0,0.039761583,,
Falkland Islands (U.K.),FLK,316,589,316,316,753,629.635674,,
Faroe Islands (Denmark),FRO,320,590,320,320,753,630.9988354,,
Fiji,FJI,334,525,334,334,640,553.8141945,,
Finland,FIN,114,209,114,114,267,223.7396378,,
France,FRA,68,124,68,68,158,132.68161,,
French Guiana (France),GUF,200,340,200,200,423,360.4882229,,
French Polynesia (France),PYF,412,625,412,412,753,656.889655,,
Gabon,GAB,533,791,533,533,946,829.6916041,,
Gambia,GMB,591,692,591,591,753,707.0946664,,
Georgia,GEO,135,231,135,135,289,245.728662,,
Germany,DEU,313,523,313,313,650,554.9634058,,
Ghana,GHA,276,413,276,276,495,433.2304115,,
Gibraltar (U.K.),GIB,369,625,369,369,779,663.5967346,,
Greece,GRC,346,447,346,346,507,461.7643206,,
Greenland,GRL,105,204,105,105,264,219.2384211,,
Grenada,GRD,523,666,523,523,753,687.8919449,,
Guadeloupe (France),GLP,433,633,433,433,753,662.6190669,,
Guam,GUM,428,631,428,428,753,661.2070098,,
Guatemala,GTM,427,659,427,427,798,693.5552349,,
Guinea,GIN,460,643,460,460,753,670.1327574,,
Guinea-Bissau,GNB,577,687,577,577,753,703.2281915,,
Guyana,GUY,616,760,616,616,847,781.6481184,,
Haiti,HTI,765,942,765,765,1048,968.0705118,,
Honduras,HND,359,548,359,359,662,576.4569973,,
Hungary,HUN,191,257,191,191,296,266.4007045,,
Iceland,ISL,0,0,0,0,0,0.009088386,,
India,IND,608,822,608,608,951,854.3902733,,
Indonesia,IDN,675,743,675,675,783,752.8207466,,
Iran,IRN,421,528,421,421,592,543.9528251,,
Iraq,IRQ,788,971,788,788,1080,998.1169651,,
Ireland,IRL,189,309,189,189,380,326.5877592,,
Isle of Man (U.K.),IMN,204,349,204,204,436,371.0141888,,
Israel,ISR,258,343,258,258,394,355.9629134,,
Italy,ITA,224,343,224,224,414,360.8133788,,
Jamaica,JAM,498,631,498,498,711,650.8241935,,
Japan,JPN,408,448,408,408,471,453.6752089,,
Jordan,JOR,382,474,382,382,529,487.3166171,,
Kazakhstan,KAZ,532,698,532,532,797,722.6558469,,
Kenya,KEN,274,462,274,274,574,489.6824411,,
Kiribati,KIR,530,669,530,530,753,689.8402093,,
Korea (North),PRK,359,606,359,359,754,643.1411726,,
Korea (South),KOR,335,473,335,335,555,493.3697186,,
Kosovo,XKX,843,1032,843,843,1145,1060.059195,,
Kuwait,KWT,400,572,400,400,675,597.6987298,,
Kyrgyzstan,KGZ,98,172,98,98,217,183.5578468,,
Lao People's Democratic Republic,LAO,555,876,555,555,1069,924.3662825,,
Latvia,LVA,117,194,117,117,240,205.3588386,,
Lebanon,LBN,567,709,567,567,794,730.1217691,,
Lesotho,LSO,0,0,0,0,0,0,,
Liberia,LBR,374,564,374,374,677,591.9580687,,
Libya,LBY,493,602,493,493,668,618.5303251,,
Liechtenstein,LIE,52,114,52,52,151,122.8305231,,
Lithuania,LTU,102,170,102,102,211,179.9674175,,
Luxembourg,LUX,95,173,95,95,220,185.0047958,,
Madagascar,MDG,567,760,567,567,876,789.0201773,,
Madeira (Portugal),PRT,369,552,369,369,663,580.0611538,,
Malawi,MWI,243,397,243,243,489,419.8424555,,
Malaysia,MYS,436,508,436,436,551,518.702315,,
Maldives,MDV,524,667,524,524,753,688.3877878,,
Mali,MLI,623,906,623,623,1076,948.8798627,,
Malta,MLT,295,435,295,295,520,456.3462751,,
Marshall Islands,MHL,561,681,561,561,753,698.6430006,,
Martinique (France),MTQ,406,623,406,406,753,655.1914017,,
Mauritania,MRT,513,663,513,513,753,685.1985396,,
Mauritius,MUS,543,641,543,543,700,656.0978983,,
Mayotte (France),MYT,512,662,512,512,753,684.8801607,,
Mexico,MEX,359,467,359,359,531,482.7972303,,
Micronesia,FSM,557,679,557,557,753,697.4356864,,
Moldova,MDA,399,488,399,399,541,501.0427808,,
Monaco,MCO,68,124,68,68,158,132.68161,,
Mongolia,MNG,1002,1230,1002,1002,1366,1263.845015,,
Montenegro,MNE,471,739,471,471,899,778.7503856,,
Montserrat (U.K.),MSR,517,664,517,517,753,686.2858049,,
Morocco,MAR,547,660,547,547,729,677.4379584,,
Mozambique,MOZ,111,188,111,111,234,199.2317294,,
Myanmar,MMR,407,602,407,407,719,631.384653,,
Namibia,NAM,139,274,139,139,355,294.1486348,,
Nauru,NRU,521,666,521,521,753,687.3299049,,
Nepal,NPL,0,0,0,0,0,0.001864036,,
Netherlands,NLD,203,280,203,203,326,291.4403833,,
New Caledonia (France),NCL,445,654,445,445,779,685.4524729,,
New Zealand,NZL,108,194,108,108,246,207.0858046,,
Nicaragua,NIC,372,562,372,372,675,589.9709407,,
Niger,NER,718,752,718,718,772,756.8594741,,
Nigeria,NGA,358,463,358,358,526,478.5913873,,
Niue,NIU,459,642,459,459,753,669.9343146,,
North Macedonia,MKD,563,743,563,563,851,769.8641361,,
Northern Mariana Islands (U.S.),MNP,416,626,416,416,753,657.9525015,,
Norway,NOR,17,36,17,17,47,38.2892117,,
Oman,OMN,320,419,320,320,479,433.9473952,,
Pakistan,PAK,386,515,386,386,592,533.8853153,,
Palau,PLW,497,657,497,497,753,680.7194108,,
Palestinian Authority,PSE,517,643,517,517,719,662.0160004,,
Panama,PAN,230,385,230,230,477,407.9748088,,
Papua New Guinea,PNG,315,491,315,315,597,517.8758685,,
Paraguay,PRY,0,0,0,0,0,0.004088439,,
Peru,PER,252,390,252,252,473,410.9888264,,
Philippines,PHL,525,617,525,525,672,630.3816893,,
Poland,POL,532,717,532,532,828,744.9909188,,
Portugal,PRT,228,329,228,228,389,343.8284185,,
Puerto Rico (U.S.),PRI,362,508,362,362,596,530.3684064,,
Qatar,QAT,258,411,258,258,503,434.1177792,,
Reunion (France),REU,421,641,421,421,772,673.5344444,,
Romania,ROU,289,414,289,289,489,433.2059522,,
Russian Federation,RUS,360,432,360,360,476,443.1478607,,
Rwanda,RWA,416,601,416,416,712,628.9547185,,
Saint Helena (U.K.),SHN,456,641,456,456,753,669.1679302,,
Saint Kitts and Nevis,KNA,477,649,477,477,753,675.0637839,,
Saint Lucia,LCA,521,666,521,521,753,687.3884423,,
Saint Martin (France),MAF,484,652,484,484,753,676.8831642,,
Saint Pierre and Miquelon (France),SPM,415,626,415,415,753,657.5669972,,
Saint Vincent and Grenadines,VCT,499,658,499,499,753,681.2969734,,
Samoa,WSM,434,633,434,434,753,663.0284436,,
San Marino,SMR,224,343,224,224,414,360.8133788,,
Sao Tomé & Principe,STP,565,682,565,565,753,699.7117655,,
Saudi Arabia,SAU,374,510,374,374,592,530.387154,,
Senegal,SEN,656,790,656,656,870,809.9963828,,
Serbia,SRB,678,933,678,678,1086,970.8731915,,
Seychelles,SYC,479,650,479,479,753,675.5429254,,
Sierra Leone,SLE,246,398,246,246,489,420.7416963,,
Singapore,SGP,200,311,200,200,379,328.2539557,,
Sint Martin (Netherlands),SXM,463,644,463,463,753,671.1145462,,
Slovak Republic,SVK,164,269,164,164,332,284.5820892,,
Slovenia,SVN,285,494,285,285,620,525.6838362,,
Solomon Islands,SLB,563,681,563,563,753,699.1772841,,
Somalia,SOM,582,689,582,582,753,704.6530326,,
South Africa,ZAF,786,964,786,786,1070,990.210538,,
South Sudan,SSD,704,820,704,704,890,837.565614,,
Spain,ESP,209,329,209,209,402,347.4400639,,
Sri Lanka,LKA,506,646,506,506,731,667.4949708,,
Sudan,SDN,398,609,398,398,736,640.6597808,,
Suriname,SUR,565,855,565,565,1029,898.1952763,,
Sweden,SWE,25,52,25,25,68,55.96272855,,
Switzerland,CHE,20,38,20,20,48,40.20655002,,
Syrian Arab Republic,SYR,546,650,546,546,713,665.816009,,
Taiwan (Chinese Taipei),TWN,331,427,331,331,484,441.0680953,,
Tajikistan,TJK,106,199,106,106,255,213.269133,,
Tanzania,TZA,336,458,336,336,531,475.8395956,,
Thailand,THA,351,413,351,351,450,422.4280294,,
Timor-Leste,TLS,589,691,589,589,753,706.5995716,,
Togo,TGO,597,761,597,597,859,785.4287756,,
Tonga,TON,533,670,533,533,753,690.7047628,,
Trinidad and Tobago,TTO,370,488,370,370,559,505.9789512,,
Tunisia,TUN,348,423,348,348,468,434.0020015,,
Turkey,TUR,309,351,309,309,376,357.2523711,,
Turkmenistan,TKM,676,833,676,676,927,856.5109016,,
Turks and Caicos Islands (U.K.),TCA,451,639,451,451,753,667.6127476,,
Tuvalu,TUV,497,657,497,497,753,680.5289622,,
Uganda,UGA,116,218,116,116,279,233.1159258,,
Ukraine,UKR,435,643,435,435,768,674.4412396,,
United Arab Emirates,ARE,310,464,310,310,556,487.2716041,,
United Kingdom,GBR,219,320,219,219,380,334.8644326,,
United States,USA,246,352,246,246,416,368.4702494,,
Uruguay,URY,65,133,65,65,174,143.2656116,,
Uzbekistan,UZB,467,558,467,467,612,571.5272388,,
Vanatu,VUT,504,659,504,504,753,682.6841627,,
Venezuela,VEN,368,582,368,368,711,614.4043345,,
Viet Nam,VNM,381,493,381,381,560,509.9192623,,
Virgin Islands (U.S.),VIR,373,546,373,373,650,572.3176869,,
Yemen,YEM,615,735,615,615,807,753.0875829,,
Zambia,ZMB,197,334,197,197,416,354.6974884,,
Zimbabwe,ZWE,880,1315,880,880,1575,1379.818763,,
Memo:  EU 27,,,,,,,0,,
,,261,353,261,261,409,367.1464171,,
"Note 1: For methodology and sources used to derive the default emission factors, please refer to the document 
""AHG-001: Methodological Approach for the Common Default Grid Emission Factor Dataset"".
 ",,,,,,,0,,
,,,,,,,,,
"Note 2: Partnership for Carbon Accounting Financials (PCAF) is a global partnership of financial institutions that work together to develop and implement a harmonized approach to assess and disclose the GHG emissions associated with their loans and investments.
https://carbonaccountingfinancials.com/",,,,,,,,,
,,,,,,,,,
,,,,,,,,,
,,,,,,,,,
,,,,,,,,,
,,,,,,,,,
,,,,,,,,,
,,,,,,,,,
,,,,,,,,,
,,,,,,,,,
,,,,,,,,,
,,,,,,,,,
,,,,,,,,,
,,,,,,,,,
,,,,,,,,,
,,,,,,,,,
,,,,,,,,,
,,,,,,,,,
,,,,,,,,,
,,,,,,,,,